title,description
Chuyên Viên/ Chuyên Gia Quản Trị Cơ Sở Dữ Liệu (DBA) - Tại Hà Nội,"- Tốt nghiệp Đại học trở lên chuyên ngành CNTT hoặc bằng cấp tương đương.- Kinh nghiệm làm việc: tối thiểu làm 02 năm về Database Oracle, Microsoft SQL, MySQL .- Có kinh nghiệm cài đặt và quản trị Hadoop là một lợi thế.- Có kinh nghiệm làm việc với Database NoSQL như HBase, Casandra, hoặc MognoDB là một lợi thế.- Có kinh nghiệm làm việc tích hợp data với nhiều loại data sources.- Có kinh nghiệm làm việc quản trị các phần mềm hệ thống Middleware như WebLogic, JBOSS, Tomcat, IIS.- Am hiểu mô hình hoạt động của các hệ thống web.- Có Các bằng cấp/ chứng chỉ như: OCA và OCP là một lợi thế.- Có khả năng phối hợp nhóm tốt - Chịu được áp lực công việc, chấp nhận trực, theo dõi hệ thống và xử lý sự cố bất cứ khi nào.- Có kỹ năng nghiên cứu, phân tích, xử lý vấn đề- Có tính tuân thủ cao, nghiêm túc thực hiện đúng theo quy trình quản trị"
Software Tester,"Ít nhất 1 năm kinh nghiệm trong phát triển phần mềmCó kinh nghiệm xây dựng quy trình Test Plan tổng thể, thực hiện TestTiếng Anh đọc hiểu tốtCó ham muốn tìm hiểu, thử nghiệm cái mới về chuyên môn và phát triển đội nhómCó tinh thần đòi hỏi sản phẩm làm ra có độ hoàn thiện cao"
Nhân Viên Seo Web Du Lịch,"• Trình độ học vấn : Cao đẳng/ Đại học• Có kinh nghiệm SEO• Sử dụng tốt các công cụ hỗ trợ SEO như Google Analystics, Google Webmaster Tools, v.v.• Hiểu và phân tích được các chỉ số để đưa ra các phương pháp cải thiện website• Nhanh nhạy, nắm bắt xu hướng các thay đổi thuật toán• Nhiệt tình, chăm chỉ, có trách nhiệm với công việc"
Nhân Viên Tester,"- Có ít nhất 01 năm kinh nghiệm làm việc tại vị trí tương đương.- Tốt nghiệp Đại học ngành CNTT, Toán tin, Điện tử viễn thông.- Sử dụng thành thạo các công cụ test và quản lý lỗi.- Hiểu biết về quy trình Test, chiến lược và kỹ thuật test phần mềm... lập tài liệu test tốt.- Chủ động, sáng tạo, nhiệt tình, trách nhiệm trong công việc, có tư duy logic tốt.- Cẩn thận, tỉ mỉ, cần cù, nhanh nhẹn, sức khỏe tốt, có khả năng làm việc độc lập hoặc nhóm với cường độ cao.- Sẵn sàng làm thêm giờ khi có yêu cầu.- Kỹ năng giao tiếp tốt, có khả năng quản lý thời gian.- Ưu tiên:   + Các ứng viên đã làm việc theo quy trình phần mềm, có hiểu biết về hệ thống kiểm soát chất lượng phần mềm, QA, QC.   + Các ứng viên có kinh nghiệm test ứng dụng trên Mobile, web.   + Có kỹ năng đọc/viết tài liệu kỹ thuật bằng tiếng Anh."
Intern Business Analyst Fulltime,"Là sinh viên từ đại học chuyên ngành kinh tế, thương mại, tài chính hoặc các chuyên ngành khác liên quanSử dụng Microsoft Office thành thạoƯu tiên có khả năng sử dụng một số phần mềm phục vụ cho quá trình phát triển: Draw io, Figma, Balsamiq, Jira...Có tư duy logic tốtƯu tiên các bạn có kinh nghiệm, kiến thức trong phát triển sản phẩm công nghệHam học hỏi, nghiên cứu, phân tích, có chính kiến trong công việcƯu tiện các bạn có thể làm việc đa nhiệmHiểu biết về Agile Scrum là một lợi thế"
Embedded System Developer,"Có kiến thức về lập trình hướng đối tượng;Tốt nghiệp Cao đẳng/ Đại học chuyên ngành Điện, Tự động hóa, Điện tử, Cơ tin... Kinh nghiệm ở vị trí lập trình nhúng từ 3 nămƯu tiên có kinh nghiệm lập trình nhúng cho các thiết bị điện tử, điện lạnh, gia dụng hoặc vi điều khiển, ESP MCU, Arduino, Mediatek, Qualcomm;Ưu tiên kinh nghiệm với AWS IoTCore, MQTT, Media Streaming, FOTA, Voice Recognition;Nắm vững và sử dụng thành thạo C/C++ và Shell. Có khả năng lập trình Python là lợi thế;Có kiến thức và kinh nghiệm làm việc với Linux kernel, Drivers;Có khả năng làm việc độc lập và làm việc nhóm.Khả năng làm việc tốt trong môi trường tốc độ cao, quy trình quản lý Agile."
IT Comtor (Tiếng Hàn),"Tiếng Hàn Topik 5 trở lênCó từ dưới 1 năm kinh nghiệm làm việc với vị trí IT Comtor hoặc kinh nghiệm trong ngành CNTT (developer, BA, sales...) chuyên thị trường Hàn QuốcTù 2 năm kinh nghiệm  làm việc tại các vị trí liên quan ngôn ngữ Hàn Việt, Việt Hàn. Có kỹ năng giao tiếp tốt, trình bày vấn đề logic.Có khả năng lập kế hoạch và quản lý tốtỨng viên từng sinh sống và làm việc tại Hàn Quốc là điểm cộng"
Nhân Viên Hỗ Trợ Kinh Doanh,"Kinh nghiệm 2,3 năm ở vị trí tương đương. Ứng viên được đào tạo các ngành Luật, Vận tải/Logistics, Kinh tế,...Thành thạo soạn thảo văn bản Word, Excel Ưu tiên ứng viên đã làm việc với phần mềm ERPNăng động, giao tiếp tốt, làm việc teamwork tốt, trung thực, ham học hỏi"
.Net Team Leader,"-Hiểu biết về kiến trúc phần mềm và an toàn bảo mật cho phần mềm-Hiểu biết sâu sắc về lập trình pattern-Hiểu biết về cluster, load ballancing-Hiểu biết về lập trình .Net Web API, .Net MVC, .Net Core-Hiểu biết về HTML5/CSS3, Javascript, jQuery, Bootstrap-Hiểu biết về cơ sở dữ liệu SQL Server, Oracle, My SQL: Tự thiết kế cơ sở dữ liệu, viết store procedure, function và các script phức tạp-Hiểu biết về lập trình cache như memcahed, inmemory cache, redis cache-Hiểu biết về việc sử dụng các công cụ quản lý source như svn, git hoặc tfs-Khả năng tối ưu hóa thuật toán, script-Hiểu biết với .Net membership, Microsoft AD, Open Ldap-Có hiểu biết về KPI, Digital Signing, Elastic Search, cloud-Có hiểu biết về cloud, sử dụng docker, kubernetes thành thạo-Có kinh nghiệm và kiến thức đối với các nền tảng tích hợp như Identity & Access Management, API Management, BPMChúng tôi tìm kiếm các ứng viên:– Có kỹ năng quản lý nhóm– Có khả năng lập kế hoạch cho nhóm– Tự nghiên cứu công nghệ mới và áp dụng cho team– Tự phân tích yêu cầu, thiết kế kiến trúc phần mềm– Có khả năng thuyết trình công nghệ cho team, ban giám đốc– Có kỹ năng báo cáo, tổng hợp về công nghệ– Có khả năng đọc hiểu tiếng Anh và gửi mail, chat tiếng Anh với đối tác tốt"
DevOps Engineer (Senior),"• 5+ years experience with Cloud Providers like OVH, Scaleway,… (Experience with GCP, AWP, Azure is plus point)• Experience in managing Cloud Infrastructure, including databases, replication, load balancers, web servers, CDN, and CICD.• Configuration management tool: Ansible, Chef, Terraform.• CICD system: Jenkins, Gitlab CI, GitHub Actions.• Container orchestration: Docker and Kubernetes• Microservice architecture.• Speak English fluently, French is a plusNice to have:• Databases: PostgreSQL, MongoDB, Cassandra, Opensearch• Queue system: RabbitMQ, Pulsar• GitOps: ArgoCDSoft skills:• Ability to work effectively in an international team with diverse cultural traditions.• Ability to independently decompose a task and bring the work to completion.• Genuine interest in the entire product development process, recognizing that you play a pivotal role in creating a tool that streamlines business processes for users.• You prioritize the goal of creating a top-notch product, valued by users for its convenience and simplicity.• Willingness to actively contribute to and engage with the open-source community, as well as participate in specialized conferences."
Backend Golang Leader,"Bachelor’s or master’s degree in computer science, Engineering, or a related field.Minimum of 5 years of professional backend development experience, with a demonstrated trajectory of increasing responsibility.Strong background in Golang and expert-level experience with SQL and database design (Postgres, SAP Hana).Proven leadership skills with the ability to manage, mentor, and grow a team of software engineers.Robust understanding of system design principles and a track record of delivering scalable, high-quality software.Effective communication skills, capable of liaising between technical teams and non-technical stakeholders.Experience with Kubernetes, Docker, and the implementation of CI/CD pipelines is essential.Fluency in English (4 skills), communicate directly with the foreign clientTech stack:Programming Language: GolangDatabases: PostgreSQL, SAP Hana, Containerization: Docker, KubernetesContinuous Integration/Continuous Deployment: Familiarity with CI/CD tools and pipelinesVersion Control: GitCloud Services: Experience with cloud service providers (e.g., AWS, GCP, Azure)API Design: RESTful API, GraphQL, GRPCReact and Node JS experience will be an added advantage."
"Business Analyst(Middle+,Dự Án Công Nghệ Mới)","Tốt nghiệp chuyên ngành CNTT/các chuyên ngành khác liên quanCó từ 04 năm kinh nghiệm ở vị trí BACó kiến thức về các kĩ thuật phân tích nghiệp vụ như: các mô hình chức năng nghiệp vụ,mô hình luồng nghiệp vụ, mô hình dữ liệu quan hệ, ngôn ngữ UML, tạo Use case,prototype của sản phẩm/ứng dụng;Có năng lực phân tích và giải quyết vấn đề: suy nghĩ sáng tạo, kỹ năng ra quyết định,nhạy bén với nghiệp vụ;Kỹ năng sử dụng các công cụ Office: Word, Excel, Powerpoint, Outlook, Visio, Project;sử dụng các công cụ như các phần mềm vẽ luồng nghiệp vụ, vẽ prototype,..."
Unity Developer (Junior Up) - Casual/Puzzle,"Knowledge:- Graduated from University majoring in IT or related fields- Good programming thinking, proficient in C# programming language- Have at least 1 year of experience working with Unity; know how to work with XCode and Android Studio- Junior up: Have products that have been put on the store as the main dev (with product link). Priority is given to those who have made 3D games.​​​​​​​Skill:- Proficient in Unity, especially experienced in handling issues such as: Animation, Effect, Particle, optimization- Skilled in planning Game development, able to work under high pressure- Good teamwork and independent work.Attitude:- Ability to work in a customer-centric and team-oriented environment, detail-oriented- Positive, proactive, responsible in work, and have passion for Games- Diligent, eager to learn, enthusiastic, with a strong growth mindset and a passion for self-development- Commitment to long-term engagement with the company- Quick adaptability to work, able to handle pressure- Ability to work in a fast-paced environment."
BrSE Non-Tech,"Tiếng Nhật từ N2 trở lên;Có ít nhất 02 năm kinh nghiệm vị trí BrSE và có kinh nghiệm quản lý dự án phần mềm cho khách hàng Nhật;Có khả năng làm estimate/proposal;Có khả năng quản lý team, quản lý dự án. Ứng viên đã có kinh nghiệm làm việc tại Nhật là lợi thế;Yêu cầu khácCó tinh thần trách nhiệm cao trong công việc;Có khả năng làm việc độc lập và làm việc theo nhóm."
UIUX Designer/ Product Designer,"Có ít nhất 1 năm kinh nghiệm trở lên tham gia phát triển các dự án công nghệ thông tin với vai trò là thiết kếThành thạo các kỹ năng chuyên môn của thiết kế như : Dựng mô hình giao diện phần mềm, thiết kế đồ họa sản phẩm, thiết kế luồng trải nghiệm sản phẩmSử dụng tốt các tool hỗ trợ cho thiết kế như : PTS, AI, figma & các tool tương tựKỹ năng giao tiếp, làm việc nhóm tốtCó kinh nghiệm làm việc hoặc am hiểu cơ bản với mô hình phát triển phần mềm Agile"
Nhân Viên Chăm Sóc Khách Hàng,"Nam tốt nghiệp đại học, cao đẳng, có khả năng tư vấn tốt, ưu tiên có kinh nghiệm hoặc các ứng viên từng tốt nghiệp chuyên ngành kinh tế, quản trị kinh doanh, makerting, CNTT... Có khả năng ứng xử, giao tiếp, xử lý tình huống nhanh nhạy, linh hoạt Có tinh thần trách nhiệm cao, tận tụy trong công việc, ham học hỏi.Có khả năng chịu được áp lực công việc, làm việc độc lập hoặc theo nhóm hiệu quảTính tình ôn hòa, nhã nhặn, kiên nhẫn, không nổi nóng.Thành thạo vi tính văn phòng (word, excel, email, ...)Ưu tiên các ứng viên có kinh nghiệm trong lĩnh vực tư vấn khách hàng,CNTT."
Nhân Viên SEO Website,"– Am hiểu về các công cụ SEO. – Biết sử dụng SEO căn bản. – Phối hợp, và có tinh thần đội nhóm. – Nhanh nhẹn, chăm chỉ, nhiệt tình, có tinh thần trách nhiệm cao; tư duy sáng tạo. – Chịu khó học hỏi, tiếp thu nhanh."
Software Development Engineer In Test (SDET),"Requirements:3+ years of developing internal tools and infrastructureSolid understanding of python, node js and groovyExperienced in developing test tools for web-based applicationsFamiliar with enterprise software quality requirementsStrong understanding of Continuous Integration and Continuous Delivery modelsExperienced in developing for virtual and containerized environmentsComfortable and adaptable in a high-paced working environmentExcellent analytical and problem-solving skills, with the ability to work on complex projectsStrong communication and collaboration skills, with the ability to work in a team environmentExperience with software development best practices such as version control, testing, and deploymentExperienced in Git or other source control systems“can-do” attitude, listening, and communicating with team membersKnowledge of relational databases and non-relational databasesGood English communication skills  Agile/Scrum development cycle understanding is an advantage"
Mobile Developer (IOS),"Trình độ học vấn: Tốt nghiệp đại học chuyên ngành Công nghệ thông tin, Khoa học máy tính hoặc các ngành liên quanKinh nghiệm: tối thiểu 3 năm kinh nghiệm phát triển ứng dụng IOS sử dụng Swift và Objective-CKiến thức:Phát triển 3D: Kinh nghiệm với các dữ liệu, công cụ và framework 3D (như SccemeKit, ARKit, threeJS và hỗ trợ các định dạng file 3D như SketchUp, glTF, glb.)Nền tảng bản đồ: Quen thuộc với các nền tảng bản đồ và các mobile SDK như Mapbox, Google Maps, OpenStreetMap, Tile Map server, Geoserver, Mapbox mobile SDKRouting Engine và Tile Map server: Kinh nghiệm với việc tích hợp và sử dụng open source routing engine (như OSRM, Valhalla, Graph Hopper) và tile map serverKỹ năng/Khả năng:Công cụ và Framework: Thành thạo sử dụng Xcode và các framework của IOS như UlKit, CoreData, Restful, APIsKỹ năng gỡ lỗi: Kỹ năng gỡ lỗi và phân tích mã nguồnThái độ:Khả năng làm việc nhóm: Kỹ năng giao tiếp tốt và khả năng làm việc trong môi trường nhómThái độ tích cực: Chủ động, sáng tạo và có tinh thần trách nhiệm caoKhả năng học hỏi: Sẵn sàng học hỏi và cập nhật kiến thức công nghệ mới"
Software Developer ( Full Stack ),"Skills and Experience:• Bachelor's Degree in Computer Science, CIS or related field (or equivalent work experience in a related field)• 6+ years of experience in a similar or related role . • Advanced knowledge of C and ASP .NET , as well as REST APIs.• Knowledge of GIT , Jira and loT concepts.• Basic Knowledge of JavaScript, vue.js and CI/CD• Basic Linux & TCP / IP Networking • Ability to problem - solve quickly and effectively• Language English ( German is a big plus)"
Technical Support,"Good English communication skills are an strong advantage. (English level IELTS 5.5 - 6.0 or equivalent).Excellent communication skills (listening, speaking)Clear and fluent voice with no regional characteristics, demonstrating confident communication skills.Understanding networking, including setting up routers, modems, and reserved IPs.Strong teamwork skills with a positive attitude, self-discipline, and proactive work approach.Owning a laptop/PC that supports Work From Home (WFH) in emergencies."
Marketing Support - Ca Đêm,"Có kiến thức về Digital MarketingSử dụng thành thạo các phần mềm thiết kế như Photoshop, Illustrator,...Thành thạo Web Wordpress: quản trị web, elementor là lợi thế.Tốt nghiệp Đại học / Cao đẳng các chuyên ngành có liên quan.Có kinh nghiệm sử dụng nền tảng số và các thao tác về công nghệ.Kỹ năng giao tiếp tốt bằng lời nói cũng như qua văn bản.Tiếng Anh giao tiếp tốt là một lợi thế.Chủ động trong công việc; khả năng làm việc dưới áp lực cao về tiến độ thời gian.Do đặc thù công việc làm ca đêm nên cần sắp xếp giờ giấc, công việc để duy trì sức khỏe và tinh thần cho công việc ban đêm."
QC Engineer,"Your Skills and Experience: At least 2+ year of experience in QA/QC Testing (web-based and mobile application)Experience in manual testing (regression, smoke, exploratory testing)Experience in creating test plan and test casesExperience in Bug Tracking and Test Management Tools (JIRA, XRay, etc.)Able to understand, communicate, analyze requirements, and identify gaps in requirementsStrong capacity to learn new business and systemsFamiliar with Agile development processGood English skillsExperienced in performance test, security testing is a plusExperienced in end-to-end Automation testing is a plus"
Presales (Network & Security),"Tốt nghiệp Đại học ngành CNTT hoặc liên quanKỹ năng giao tiếp, trình bày, tư vấnĐam mê tìm hiểu, nghiên cứu kiến thức mớiTiếng Anh giao tiếp cơ bảnCó từ 2 năm kinh nghiệm trong việc thiết kế, triển khai, vận hành hệ thống mạngAm hiểu về các giải pháp System, Network và Security; có kinh nghiệm làm hồ sơ thầu (Hồ sơ kỹ thuật, giải pháp kỹ thuật)Có kinh nghiệm thiết kế, triển khai các thiết bị Router, Firewall, IDS, IPSTừng triển khai, vận hành mạng enterprise, Data Center là một lợi thếTừng làm việc với nhiều hãng Công nghệ lớn"
Frontend Dev (Good English Communication),"Quantity: 02From 6 months to under 2 years of experience working with JavaScript frameworks in a production environment (ReactJS, NextJS, Redux, Redux toolkit,....)Strong understanding of Javascript/React and WebpackWork experience in using some CSS frameworks (Bootstrap / Foundation / Material, ...)Ability to create hybrid app  based on web app like Ionic, Cordova, PhoneGapHave experiences in developing mobile application iOS and Android is an advantageTake lead on technical best practices, work on architecture and guide internal research.Good English communication skills"
Lập Trình Viên Mobile -Webapp (Flutter),"Tốt nghiệp Đại Học hoặc Cao Đẳng trở lên các chuyên ngành Công nghệ thông tin.Có 1 năm kinh nghiệm trở lên làm với Flutter và ưu tiên biết về IOS Native.Có kinh nghiệm về handle với Restful API (Back-end), dùng third-party libraries.Có kiến thức tốt về OOP, Data Structures, Algorithm, tối ưu hóa hiệu suất ứng dụng Flutter.Kĩ năng giải quyết vấn đề trong công việc.Chủ động giao tiếp, giao lưu với các members trong công việc.Thành thạo về hệ thống quản lý source code Git.P/s: Có máy tính cá nhân riêng"
QC Tester (Manual Testing),"Your skills & qualifications:2+ years of testing experience in software development projects.Good experience in manual testing for web-based applications.Ability to write test cases, define regression scope, and report bugs.Experience with bug tracking software such as Jira, AzureExperience in API testing and using API testing tools Postman, SoapUI...Effective communication, good sense of teamwork, and highly responsible for assigned tasks.Carefulness, good logical thinking, critical thinking, and detail-oriented.Fluent English communication skills"
Lập Trình Viên Java,"Tốt nghiệp ĐH chuyên ngành CNTT hoặc các ngành liên quanCó ít nhất 1 năm kinh nghiệm lập trình Java EE, JSP, java script,html; Sping Framework ; PL/SQL Oracle , có hiểu biết về nghiệp vụ quản trị doanh nghiệp.Có kiến thức tốt về các nguyên lý thiết kế, lập trình hướng đối tượng.Hiểu biết và có kiến thức chuyên ngành về CNTTHiểu biết về quy trình phát triển phần mềmHiểu biết, cập nhật các công cụ, xu hướng phát triển phần mềm."
Kiểm Thử Phần Mềm (Manual Tester),"Tốt nghiệp đại học chính quy chuyên ngành CNTT, ĐTVT hoặc tương đương.Có kinh nghiệm làm test phần mềm từ 1 năm trở lênCó kỹ năng cơ bản về test Web, Mobile, APICó kỹ năng thực hiện các kỹ thuật test cơ bảnCó kỹ năng thao tác với Cơ sở dữ liệu"
Sales Support Thị Trường Mỹ - Level Từ Fresher,"Saturday & Sunday OFF,  Overtime pay is 150%, 200%, 300% as per labor law;Work performance review 2 times/ year (in April and October);Performance bonus, 13th- month salary, public holidays bonus (2/9, 30/4, 1/5, 1/1); bonus for Excellent Employee and Excellent Team;Social insurance, health insurance, unemployment insurance and Bao Viet care insurance;01 hour paid leave per day for women having children under 12 months01 day remote work per month; A flexitime allowance of 90-180 minutes per month for employees.Minimum 14 paid leaves per annum for all employees after probation;Nice & modern working space with young, dynamic & friendly colleagues and free coffee, tea, drinks;Yearly company trip and year-end party, quarterly team building and weekly eating together; English - Japanese Club, Sports Clubs;Men’s Day, Women’s Day, Children’s Day, Mid-Autumn Festival and other benefits under the provisions of the company;Flat, open and sharing culture with friendly management team; outsourcing company with product mindset;Training courses and working opportunities with technical gurus who built and operated world-class applications with millions of users. This might be a good chance for graduated students to learn cutting-edge technologies and how to build scalable system from scratch."
IT Project Manager - Từ 3 Năm Kinh Nghiệm - Upto 60 Triệu,"【KỸ NĂNG CẦN THIẾT】Tốt nghiệp đại học các chuyên ngành liên quan như: Công nghệ phần mềm, hệ thống thông tin, quản lý dự án phần mềm...Có kỹ năng lập trình trên 3 năm kinh nghiệm, hiểu biết sâu về ít nhất một trong các ngôn ngữ lập trình như: PHP, JAVA, C/C++, Swift...Đã có ít nhất 2 năm kinh nghiệm phát triển ứng dụng trên smartphone (ios/android).Có kinh nghiệm 3 năm trở lên ở vị trí quản lý dự án hoặc tương đương.Có kiến thức và kinh nghiệm về Linux Cloud Server: AWS, GCP, Azure,v.vCó kiến thức sử dụng UML thiết kế hệ thống phần mềm, thiết kế CSDL quan hệ.Đã có ít nhất 3 năm kinh nghiệm làm việc với GIT hoặc Bitbucket.Kỹ năng quản lý con người để tối ưu hiệu suất công việc.Có kinh nghiệm viết Unit testing, viết document.Có tư duy lập trình hướng đối tượng MVC, đọc hiểu tiếng anh tốt để phục vụ cho công việc.【KỸ NĂNG MONG MUỐN】Có kiến thức liên quan đến Performance của MySQL Statement và Query.Đã có kinh nghiệm quản lý dự án với team size từ 5 người trở lên.Những ứng viên có kinh nghiệm sử dụng Docker để phát triển dự án.Những ứng viên sẵn sàng va chạm - thử thách với những công nghệ mới.Những ứng viên có năng lực sáng tạo và khả năng giao tiếp tốt.Những ứng viên luôn nỗ lực hết mình trong mọi hoàn cảnh và đưa ra những ý kiến đóng góp để phát triển công việc.Có kiến thức về Bảo mật và tối ưu"
Trưởng Nhóm Tester,"Có 4 năm kinh nghiệm làm test, trong đó ít nhất 1 năm làm lead team từ 4-5 member trở lênCó khả năng xây dựng test design, test strategy và tổng hợp test reportCó kinh nghiệm test API, test giả lập, test DBCó kinh nghiệm sử dụng tool về automation test, Performance test,...Có tư duy, logic phân tích nghiệp vụ tốt;Đã từng tham gia triển khai các dự án theo mô hình Agile/ScrumCó kinh nghiệm kiểm thử Mobile App/Web/APIƯu tiên ứng viên kinh nghiệm làm việc với các hệ thống ERP, CRM..."
Presale - Tiếng Anh Giao Tiếp Tốt - Từ 1 YOE,"Có 1 năm kinh nghiệm làm trog lĩnh vực ITO (Dev/Test)Có hiểu biết về quy trình phát triển dự án ITCó kinh nghiệm phận tích yêu cầu KH, phân rã chức năng hệ thốngCó kinh nghiệm từ 1 năm làm việc trực tiếp với khách hàng nói tiếng Anh/Nhật (onsite/offshoreNgoại ngữ: tiếng Anh giao tiếp thành thạo Có kinh nghiệm sử dụng Draw, balsamiq, Figma, . . .Có kinh nghiệm sử dụng Azure/AWS là một lợi thếCó kiến thức, chuyên môn về các lĩnh vực sau là một lợi thế:Banking – finance, Funding, Insurance, Hospitality, StockERP, CRM, CMS, Risk management, Booking online, . . .On-Cloud, On-Premise Các kỹ năng phụ:Có kỹ năng sử dụng các tool hỗ trợ cho công việc (chatGPT, Stackoverflow, Postman, swagger . . .)Có khả năng mô hình hóa kiến trúc hệ thống, kiến trúc phần mềmCó hiểu biết cơ bản về các hệ CSDL, có hiểu biết về các chuẩn CSDL"
Unity Developer (Junior-Middle),"- Có từ 2 năm kinh nghiệm Unity- Kỹ năng làm việc nhóm tốt- Thành thạo Unity Engine, ngôn ngữ C# và các tính năng: Renderer, Physics, UI, Animation, Particles,..- Hiểu biết về Renderer Pipeline, Shader- Có khả năng làm việc, tích hợp các plugin thứ 3 như: firebase, admob, appsflyer, adjust, ironsource, applovin, facebook,...- Có kinh nghiệm trong tối ưu hiệu năng game- Có kinh nghiệm build game và xử lý các lỗi build logic trên android và ios- Có kinh nghiệm phát triển game tương tác giữa client và server là một lợi thế"
Network Engineer (Night Shift),"Tốt nghiệp đại học trở lên chuyên ngành CNTT/ Toán tin/ Điện tử viễn thông/ Khoa học máy tính.Kiến thức về Routing, Switching, và Network Security, Load Balancing.Có hiểu biết về các hệ thống: Network DC, Network Service Provider, hệ thống Wifi, hệ thống mạng WAN, hệ thống mạng MAN, ...Có kinh nghiệm trong việc monitor và giám sát kênh truyền.Có kinh nghiệm cấu hình Firewall, VPN, ...Kiến thức cơ bản các thiết bị Cisco, Fortigate,...Có chứng chỉ CCNP, CCIE, ... là một lợi thếCó kiến thức cơ bản về mạng máy tính, giao thức mạng và các thiết bị mạngCó khả năng học hỏi nhanh và thích ứng với công nghệ mớiKỹ năng giải quyết vấn đề và xử lý sự cố tốtKhả năng làm việc độc lập và theo nhóm hiệu quảTinh thần trách nhiệm cao, chủ động trong công việcKỹ năng giao tiếp tốt, có khả năng làm việc dưới áp lực"
Content Marketing Executive,"Có kinh nghiệm từ 2 năm trở lên ở vị trí Content Marketing B2B (Có kinh nghiệm làmSales Kits là lợi thế)Có khả năng sử dụng các công cụ AI cho việc viết nội dungCó trải nghiệm hoặc quan tâm, sở thích đến các sản phẩm giáo dụcTốt nghiệp đại học chuyên ngành Marketing, Quản trị kinh doanh hoặc lĩnh vực liênquan.Tiếng anh tốtKỹ năng thiết kế video cơ bản và sử dụng các công cụ chỉnh sửa video.Khả năng làm việc độc lập cũng như làm việc nhóm hiệu quả."
Senior Java Web (Springboot/ Spring MVC),"Có từ 4 năm kinh nghiệm lập trình Java (Senior Java)Nắm vững và hiểu về lập trình hướng đối tượng, thiết kế hướng đối tượng, đã áp dụng thành thạo trong các dự ánThành thạo sử dụng Relational Database, có khả năng phân tích và thiết kế hệ thống database, tối ưu được queryThành thạo Spring framework (Spring Boot thymeleaf, Spring MVC)Đã từng cài đặt các design pattern vào dự ánCó khả năng dựng source base cho các hệ thốngCó thể viết Unit test bằng junitTư duy logic, tư duy hệ thống tốtSử dụng thành thạo GitNice to have:Ưu tiên ứng viên có kinh nghiệm làm việc với các hệ thống nghiệp vụ phức tạpƯu tiên ứng viên có kinh nghiệm làm dự án outsource Nhật"
Tester,"Tốt nghiệp đại học, cao đẳng hệ chính quy các chuyên ngành Kinh tế, Quản trị kinh doanh, Marketing, CNTT, Khoa học máy tính, Hệ thống thông tin và Tin học kinh tếCó hiểu biết căn bản về cơ sở dữ liệu SQL, SQL Server, mySQL, OracleBiết sử dụng các ứng dụng theo dõi và quản lý lỗi/ vấn đề trong dự án như Redmine, Jira, excel là một lợi thế.Có kỹ năng đọc hiểu tiếng Anh tốt là một lợi thế.Có kỹ năng phân tích và giải quyết vấn đề tốtCó kỹ năng quản lý thời gian tốtCó kỹ năng làm việc nhóm và giao tiếp tốtBiết sử dụng các công cụ kiểm thử chức năng (automation test tool), kiểm thử hiệu năng (performance test tool) phổ biết trên thị trường như Jmeter, Selenium, SOAPUI là một lợi thế.Có kinh nghiệm viết test script là một lợi thế.Ưu tiên có kinh nghiệm 1 năm trở lên, đã từng làm dự án liên quan tới lĩnh vực y tế và dịch vụ y tế số, có kinh nghiệm về automation test là một lợi thế."
Frontend Developer,"Có kinh nghiệm với các framework kiểm thử như Jest hoặc Mocha.Quen thuộc với các framework JavaScript khác như React hoặc Angular.Có kinh nghiệm với quy trình CI/CD.Kiến thức về CSS hiện đại (SASS, Tailwind CSS).Có kinh nghiệm với các framework backend như LaravelQuen thuộc với các hệ thống cơ sở dữ liệu như MySQL, Redis"
Backend Engineer (.NET Core),"WHAT WE ARE LOOKING FOR Bachelor’s degree in computer programming, computer science, or a related field At least 3+ years of development experience C#, .NET, .NET Core, ASP.NET Core, Entity Framework Core, LINQ Relational database modeling & design with Postgres Knowledge of Microservices, Clean-code, Clean-Architecture & SOLID principles Understanding of Agile/Scrum methodologies ﻿Preferred (but not required) Document DB modeling & design with Elasticsearch Object Storages with AWS S3 Message Queues with KAFKA & Message Queue Messaging with Sendgrid, Twilio, AWS SNS,... Having experience in Cloud Native Computing DevOps, SysOps in AWS and Git CI/CD experience HTML5/CSS3, JS/Typescript, React.js/Vue.js, Node.js English proficiency"
IT Infrastructure Support,"English proficiency.Bachelor’s degree in a computer-related field5+ years’ experience in a network engineer/ administration roleGood knowledge of LAN/WAN networks, TCP/IP protocols and network technologiesExperience with Cisco switches and routersHands-on experience with common software and hardwareMCSA/MCSE/CCNA qualifications are strongly preferredAble to work under high pressure and tight deadline.Good time management skills"
Mobile Developer,"Trình độ chuyên môn:Am hiểu React Native, JavaScript, TypeScript.Hiểu sâu về các nguyên lý lập trình hướng đối tượng (OOP).Kinh nghiệm làm việc với các thư viện, framework phổ biến trong React Native (Redux, Navigation, ...).Có kiến thức về native development (Swift/Objective-C, Kotlin/Java) là một lợi thế.Kỹ năng:Phát triển:Xây dựng các thành phần UI phức tạp, tương tác mượt mà.Tối ưu hóa hiệu năng ứng dụng, đảm bảo trải nghiệm người dùng tốt.Viết code sạch, có cấu trúc, dễ bảo trì.QA/QC:Lập kế hoạch và thực hiện các bài test (unit test, integration test, UI test).Phân tích và xử lý lỗi hiệu quả."
Chuyên Viên Công Nghệ Thông Tin,Tối thiểu 01 năm kinh nghiệm ở vị trí tương đươngTốt nghiệp đại học chuyên ngành Công nghệ thông tin hoặc các chuyên ngành liên quanTrình độ Tiếng Anh: Tối thiểu B1
Frontend Developer,"Tốt nghiệp từ Đại học trở lên, ưu tiên tốt nghiệp các chuyên ngành về công nghệ thông tinCó kinh nghiệm với lập trình Front-end từ 1 năm trở lên (level Junior - Middle)Có kĩ năng lập trình tốt Javascript, Typescript, thành thạo sử dụng các Javascript framework ReactJS/NextJSAm hiểu HTML/CSS, biết sử dụng các CSS framework (Bootstrap,..) và tối ưu hoá CSS, HTML, JS theo chuẩn để cải tiến tốc độ.Có kinh nghiệm làm việc với công cụ Git, Restful API, figma...Có kỹ năng làm việc độc lập và làm việc theo nhóm tốt"
IT Planner (BA),"Yêu cầu: - Có kinh nghiệm 3-5 năm Planner dịch vụ Ecommerce, Website- Có kinh nghiệm lập kế hoạch và vận hành Online services- Có khả năng lập Storyboard, Wireframe, bảng mô tả tính năng- Có khả năng phân tích dữ liệu và giải quyết vấn đề- Có hiểu biết về chu kì  vòng đời phát triển sản phẩm- Có thể sử dụng thành thạo các công cụ như Figma, Jira, Redmine, Slack, Git,.....- Khả năng giao tiếp trôi chảy Ưu tiên:- Người có nhiều kinh nghiệm xử lý vấn đề khi ra mắt sản phẩm - Có kinh nghiệm lập kế hoạch hệ thống và quản lý vận hànhVui lòng gửi CV bằng tiếng Anh hoặc tiếng Hàn"
Nhân Viên Kiểm Thử Phần Mềm (Tester),"- Tốt nghiệp Đại học chuyên ngành CNTT hoặc chuyên ngành liên quan;- Có từ 2 năm kinh nghiệm làm việc với vai trò là Kiểm thử (Tester) hoặc Phântích nghiệp vụ và Kiểm thử (BA & Tester);- Có khả năng chủ động nắm bắt, phân tích yêu cầu và giao tiếp tốt với khách hàng;- Nắm vững các phương pháp, kỹ thuật kiểm thử và các quy trình kiểm thử liênquan;- Có kinh nghiệm xây dựng kế hoạch kiểm thử, thiết kế và xây dựng các Test Case;- Có khả năng làm việc độc lập hoặc theo nhóm;- Năng động, sáng tạo và có tinh thần trách nhiệm cao;- Chịu được áp lực cao trong công việc, sẵn sàng làm thêm giờ nếu cần;- Yêu thích công việc Kiểm thử phần mềm và Phân tích nghiệp vụ;- Có chứng chỉ Kiểm thử phần mềm là một lợi thế"
Frontend Developer,"Proficiency in React or Vue.js, with strong HTML, CSS, and JavaScript skills. Experience integrating frontend applications with backend APIs (RESTful and GraphQL). Ability to collaborate with UX designers to implement responsive, user-friendly interfaces. Proficient in using Git for version control"
Senior Embedded Software Engineer,"Bachelor/ Engineer degree in Electronics and Telecommunication, Automation, Computer Science, Information Technology or equivalentAt least 5 years’ working experience in software development, in which, at least 3 years in C Embedded.Have knowledge at Embedded development such as Linux, Driver, OS (Linux Kernel, RTOS IS A PLUS) Willing to become a leaderHave experience working about MCU, Peripherals, Board devices, Edge devices, etc.Understands about Object Oriented Analysis and Design at leastFirm knowledge at software engineering (from requirement definition, software design, implementation & testing)Problem analysis and problem solving skills"
Automation Test,"Có từ 3 năm kinh nghiệm trở lên trong việc sử dụng các framework (Selenium/Appium/Playwright/Cypress) cho việc tự động hóa các kịch bản testing E2E, API trên Website/Mobile Application.Có kiến thức sâu về ngôn ngữ lập trình Java/Javascript.Hiểu biết về các design pattern phổ biến như POM, Singleton Pattern,...Tiếng Anh giao tiếp khá tốtFamilar with Git, Maven/Gradle, các IDE (VS, IntelJ...) Postman/Swagger, SQL Database, TestNG, Junit.Hiểu biết về quy trình phát triển Agile/ScrumCó kiến thức về Docker, CI/CD là điểm cộng"
Automation Tester,"Có từ 3 năm kinh nghiệm trở lên trong việc sử dụng các framework (Selenium/Appium/Playwright/Cypress) cho việc tự động hóa các kịch bản testing E2E, API trên Website/Mobile Application.Có kiến thức sâu về ngôn ngữ lập trình Java/Javascript.Hiểu biết về các design pattern phổ biến như POM, Singleton Pattern,...Tiếng Anh giao tiếp kháFamilar with Git, Maven/Gradle, các IDE (VS, IntelJ...) Postman/Swagger, SQL Database, TestNG, Junit.Hiểu biết về quy trình phát triển Agile/ScrumCó kiến thức về Docker, CI/CD là điểm cộng"
Process Quality Assurance (PQA),"At least 2 year experience as PQA in software project.Have knowledge and experience about implementing methodology such as ISO 27001, ISO 9001, CMMI;Have CSQA (Certified Software Quality Assurance), Internal Auditor, Lead Auditor, or Scrum master certificate is a plus;Hard working, responsible, strong interpersonal and communication skills;Ability of working independent and teamwork, can work under high pressure;Have will and interest to learn;Have service mindset"
"Chuyên Viên Triển Khai Phầm Mềm Odoo (CRM,HRM...)","Có khả năng tìm hiểu nhanh và sử dụng các phần mềm quản trị doanh nghiệp.Khả năng viết các tài liệu tính năng sản phẩm, hướng dẫn sử dụng rõ ràng, mạch lạc, dễ hiểu.Có kiến thức kinh nghiệm sử dụng hoặc triển khai phần mềm Odoo là một lợi thế.Khả năng giao tiếp hiệu quả với nhóm nội bộ và khách hàng bên ngoài để thu thập và trao đổi các yêu cầu nghiệp vụ/chức năng.Có khả năng làm việc nhóm hay độc lập, làm việc dưới áp lực cao, chăm chỉ, cẩn thận, nhanh nhẹnƯu tiên các ứng viên đã có kinh nghiệm làm Tester hoặc BA IT"
Game Designer,"- Có kiến thức & kinh nghiệm làm 2D Mobile Game Design ít nhất 1-2 sản phẩm Mobile Game- Có kinh nghiệm và kiến thức về quy trình Test Game- Có độ nhạy bén về âm thanh, đồ hoạ, phối màu, animation- Có thể sử dụng các phần mềm hỗ trợ cho việc Game Design như: Wireframe Tool, Flow ChartTool, Adobe Audition, Photoshop hoặc các phần mềm tương tự và có hiểu biết về Lập Trình là 1 lợi thế- Có kỹ năng sắp xếp, điều hành, triển khai kế hoạch sản phẩm"
Mobile Developer (React Native),"At least 2 years of hands-on experience in mobile development with proficiency in React Native.Strong knowledge of mobile development best practices, including state management, component-based architecture, and API integration.Familiarity with native iOS/Android development is a plus.Good understanding of UI/UX principles to ensure a seamless user experience.Strong problem-solving skills and the ability to work independently or as part of a team.English: reading, writing."
HRBP Manager - Talent Acquisition Manager (Mass),"- At least 5 year experiences on mass recruitment (Sales field)- Deep understanding of the mass labor recruitment market, especially sales recruitment.- Demonstrated experience having worked with over 500 salesmans.- Overall experience of at least 3 years having worked in HRBP Management roles.- Priority is given to candidates who have worked as a business development/ salesman in the fields of IT services, banking, education, and insurance.- Strong communication skills, strategic thinking and planning, data-driven decision-making."
Business Development Intern,"- Trình độ: Tốt nghiệp Cao Đẳng, Đại học (chuyên ngành CNTT, Kinh tế, Phần mềm, Khoa học máy tính hoặc các chuyên ngành liên quan);- Ưu tiên các ứng viên đã từng đi thực tập, đi làm fulltime;- Có kiến thức cơ bản về Database, SQL;- Tiếng anh cơ bản;- Khả năng nghiên cứu, làm việc độc lập, làm việc nhóm tốt;- Tư duy logic, khả năng tiếp cận và phân tích xử lý dữ liệu linh hoạt, tích cực;- Tự tin thuyết trình, tư vấn, thuyết phục tốt;- Sử dụng thành thạo tin học văn phòng (Word, Excel, Powerpoint, Visio)."
"Kỹ Thuật Viên Dịch Vụ IT Phần Cứng, Mạng","- Nam, Bằng cấp hoặc chứng chỉ liên quan trong lĩnh vực Kỹ thuật Máy Tính, Điện Tử hoặc Công Nghệ Thông Tin.- Kinh nghiệm 2 năm làm việc trong lĩnh vực công việc tương đương - Kiến thức vững về phần cứng và phần mềm của máy tính và máy in.- Kỹ năng giao tiếp tốt và khả năng làm việc độc lập hoặc nhóm.- Khả năng phân tích và giải quyết vấn đề kỹ thuật một cách nhanh chóng và chuyên nghiệp.- Chịu được áp lực, có thể đi công tác, làm thêm giờ.- Năng động, sáng tạo.- Có khả năng làm việc độc lập và làm việc theo nhóm.- Có phương tiện đi lại bằng xe máy.- Trung thực, hòa đồng, nhanh nhẹn, nhiệt tình, ham học hỏi, có trách nhiệm, có tinh thần cần cầu tiến.-Đạo đức/ Uy tín cá nhân/ Tính gắn kết lâu dài/ Có quan điểm làm việc hoặc định hướng công việc rõ ràng.- Có hướng gắn bó lâu dài với công việc chuyên môn, chịu được áp lực công việc.- Không vướng vào tệ nạn xã hội.- Không kinh doanh riêng với khách hàng của công ty, không kinh doanh ngoài cùng lĩnh vực công việc với công ty."
Thực Tập Sinh Java Dev,"- Tốt nghiệp ĐH, ưu tiên học Chuyên ngành CNTT- Nắm vững kiến thức nền tảng về Java, hiểu biết về core java- Ưu tiên các bạn có  kinh nghiệm về Java phát triển ứng dụng Web - Tiếng anh đọc hiểu, viết thành thạo"
Trưởng Phòng Kỹ Thuật Giải Pháp,"- Nam Tốt nghiệp Đại học chuyên ngành CNTT.- Có từ 5 năm kinh nghiệm trở lên.- Tuổi từ 29 đến 36, có thể đi công tác nếu công ty yêu cầu.- Sử dụng thành thạo AutoCAD, Internet, tin học văn phòng ...- Tiếng Anh giao tiếp, đọc hiểu tài liệu chuyên môn.- Có khả năng thuyết trình, huấn luyện công việc tốt.- Không kinh doanh riêng với khách hàng của công ty, không kinh doanh ngoài cùng lĩnh vực công việc với công ty."
Backend Developer (Golang),"● Bachelor’s degree in Computer Science, Engineering, or a related field.● 2+ years Golang experience in production use case.● 3+ years integrating RESTful and gRPC.● In-depth knowledge of MVC, OOP, Design patterns, Clean code.● Knowledge/Experience of SQL and common relational database systems such as PostgreSQL andMySQL.● Experience in Json data parsing.● Experience with Non-SQL or Document databases.● Experience in Microservice Architecture.● Understanding the software development process and experience:○ Agile Development○ Code repository like Git○ Ticket management system like JIRA○ Testing framework & Mock○ CI/CD● Excellent problem-solving skills and attention to detail.● Experience working in Agile/Scrum development environments.● Basic English communication required.Preferred Qualifications:● 2+ years Python experience.● Experience developing applications running on k8s.● Knowledge/Experience of the following datastore:○ Kafka○ Redis○ TimescaleDB● Experience golang web framework like Mux or Gin.● Knowledge of Agile/Scrum methodologies.Personal Attributes:● Strong leadership and team management skills.● Excellent organizational and multitasking abilities.● High level of initiative and a proactive approach.● Strong communication and negotiation skills.● Ability to work independently and as part of a team."
Data & Digital Business Partner,"3-5 years of professional experience integrating Data/Digital solutions into business environments.Bachelor’s / Engineering’s degree in Information Technology, Computer Science, Management Information Systems or related field .Microsoft Azure cloud, Data Engineering, Power BI certification is an advantage.Communications effectivelyInternal relationships and partnerships skillsProblem solving skillTeam work and supportive mannerDemonstrates cultural competence and behaviour consistent with the core values, vision, and missionUI/UX knowledge and experienceSystematic thinking and structure approachEnglish fluently"
L1 Support,"- Have 1-3 years of experience in IT Support position.- Experience in using ticketing systems (Jira) and remote support tools.- Familiarity with various operating systems (Windows, macOS) and software applications.- Experience in network, server, database, and application monitoring.- Experience with cloud platforms and monitoring tools (Guanche, Grafana, Zabbix...).- Ability to resolve technical basic issues and provide remote support, incoming incident scan be resolved by the L1 support.- Good communication skills.- Be able to solve technical problems for non-specialists.- Ability to work independently and as part of a team.- Intermediate English communication and writing."
.Net Techlead,"Degree in Engineering (Computer/Telecommunication), Computer Science/ Information Technology or equivalentUse of the most modern PM methodologies and technologiesReal work / project references, at least 2 years of experience as a project manager/ team leader in ITKnowledge of project management methodologiesExperienced in the following technology areas will be an advantage:Technical base: Java, .Net, ReactJS...Comfortable with exploring new technologiesHave a track record of delivering technical programs, projects, and products in a highly technical environment.Have a strong understanding of software development lifecycles and modern transaction processing environments.A good team player with strong leadership qualities. Self-motivated, result-oriented, organized and ability to work independently with priorities under tight timelines, in a complex customer environmentSelf-motivated with a positive “can-do” attitude, creative with excellent presentation, communication and good negotiation techniquesExcellent interpersonal skills to establish and maintain good relationship with colleagues, clients and head quarter management.Fluency in English.This position might be required to work on client premises for an extended period."
Thực Tập Sinh IT,"Yêu cầu:Giới tính Nam, sức khoẻ tốt.Trình độ học vấn: sinh viên năm cuối, sắp tốt nghiệp hoặc ra trường dưới 1 năm (sau khi tốt nghiệp) ngành Công nghệ thông tin các trường Đại học hoặc Cao đẳng.Có thể thực tập toàn thời gian trong vòng 3 - 4 tháng.Ưu tiên các bạn yêu thích ngành tổ chức sự kiện.Hiểu về điện tử, và lập trình là một lợi thế.Chịu khó, nhanh nhẹn, ham học hỏi."
Account Manager,2-5 years of experience in Sales/ Business Development/ Account Manager. Prefer candidates having experience in the IT field and/or working as an international salesperson.  Excellent in English (equivalent to IELTS 6.5 or above). Strong presentation and interpersonal skills. Disciplined time management and ability to work under pressure. Ability to work effectively in high pressure & with cross-functional teams.
Manual Test,"2+ years in Testing fieldsExperience in project management and QC methodologyFamiliarity with Agile frameworks and regression testing is a plusAbility to document and troubleshoot errorsExcellent communication skillsAttention to detailAnalytical mind and problem-solving aptitudeStrong organizational skillsFluent Spoken EnglishBSc/BA in Computer Science, Engineering or a related fieldSoft-skillsPossible to co-work with team.Good at investigating and solving incident and problem skill.Bonus points if you have some of thisExperienced with GIT, SVN, REDMINE, JIRATeam leadership and project management experience"
Automation Test,"Minimum 2 years of experience in software testing with hands-on manual testing experience.Skilled in developing test automation scripting in JavaExperience in one or more automated testing tools/frameworks (Postman, Selenium, Katalon, JMeter, JUnit, Cucumber)Experience in continuous testing pipelines using JenkinsExperience with Agile (Scrum) and Test-Driven Development (TDD)Good understanding of performance and load testing (JMeter)Experience in Behaviour-Driven Development is a plus pointUnderstanding of JEST, Mocha or others for React and React Native testing is a plus pointWorking experience in logistics, supply chain, or transportation industry is added advantageTeam player with strong communication and interpersonal skills"
Japanese Test Lead (JLPT N2),"Bachelor’s/Master’s degree in Engineering, Computer Science (or equivalent experience)Good knowledge: API testing, Database Testing, Functional Testing.At least 2+ YOE in Test Lead position.Strong knowledge and experience in Manual test.Have deep understanding of testing software processes.Japanese: JLPT N2+"
Pre-Sales IT (Fluent In English),"Bắt buộc:Kinh nghiệm làm trog lĩnh vực IT:  tối thiểu 1 năm với Dev - 1,5 với Test/BA Có hiểu biết về quy trình phát triển phần mềm.Kinh nghiệm phân tích yêu cầu, phân rã chức năng hệ thống Kỹ năng giao tiếp tiếng Anh tốt, tự tin trao đổi với khách hàng quốc tế.Điểm cộng:Ưu tiên ứng viên có kinh nghiệm sử dụng Azure/AWS.Ưu tiên ứng viên có kiến thức về một số lĩnh vực sau: Banking – Finance, Funding, Insurance, Hospitality, Stock, ERP, CRM, CMS, Risk Management, Booking online, SaaS, On-PremiseCác kỹ năng bổ trợ: Biết sử dụng một trong số các tool (chatGPT, Stackoverflow, Postman, swagger . . .)Có hiểu biết cơ bản về các hệ CSDL, có hiểu biết về các chuẩn CSDLBiết sử dụng một trong số các tool: Draw, balsamiq, Figma, . . ."
Tester Data,"Có ít nhất 6 tháng tham gia dự án test dataƯu tiên có kinh nghiệm bankThành thạo SQLKỹ năng: Đọc hiểu các tài liệu mô tả và phân tích yêu cầu, tài liệu thiết kế của giải pháp; Cẩn thận, tỉ mỉ và có kinh nghiệm giao tiếp, làm việc nhóm tốt, có khả năng phối hợp với Developer trong quá trình fix bug.Tư duy nhanh nhẹn, ham học hỏiƯu tiên: Có hiểu biết, kinh nghiệm và làm việc 1 trong các hệ thống như Corebanking (T24,...), Card (Way4, CMS,...),Ưu tiên người có kinh nghiệm ngân hàng, công ty tài chính, chứng khoán, bảo hiểm"
Thực Tập Sinh Kỹ Sư Dữ Liệu,"Đang là sinh viên năm cuối/mới tốt nghiệp chuyên ngành CNTT, Toán tin, Phân tích dữ liệu, ...Có kiến thức về các kỹ thuật phân tích và xử lý dữ liệu (ví dụ: làm sạch dữ liệu, chuyển đổi dữ liệu, phân tích thống kê, trực quan hóa dữ liệu, ...)Thành thạo một trong các ngôn ngữ lập trình: Python, R, SQLCó kiến thức về các thư viện và công cụ phân tích dữ liệu (ví dụ: Pandas, NumPy, Scikit-learn, Matplotlib)Có hiểu biết về hệ thống, các khái niệm về GIS là lợi thếCó hiểu biết và đã sử dụng một trong các thư viện, cơ sở dữ liệu và công cụ về GIS là một lợi thế: PostGIS, Geopandas, QGIS Desktop, Google Earth Engine, ...Có kỹ năng giao tiếp và làm việc nhóm tốtCó trách nhiệm cao với công việc, học hỏi nhanh chóng"
Fullstack Java (Social Insurance Full Salary) Tiếng Anh Giao Tiếp Cơ Bản,"Your Skills and Experience:Basic Qualification:Bachelor’s degree or higher; preference given to candidates in a related fieldMinimum of 4  years in software developmentProficient in C#/Java and Spring FrameworkGood knowledge of HTML, CSS, JavaScript/jQuery/Bootstrap.Proficient in MySQL database and database design.Knowledgeable in OOP (Object-Oriented Programming) and Design Patterns.Knowledge of Python is an advantageEnglish language: Good at reading and writing english skill, basic speaking and listening Nice to have:Experience managing big data and handling large-capacity trafficExperience with frameworks such as CodeIgniter, as well as technologies like Redis and Elasticsearch.Proficient in Git, Docker,MongoDB and Linux.Background in server construction and development within a Linux environment"
Quản Trị Mạng - Network Engineer,"- Tốt nghiệp đại học trở lên chuyên ngành CNTT/ Toán tin/ Điện tử viễn thông/ Khoa học máy tính.- Kiến thức cơ bản về Network.- Kiến thức cơ bản các thiết bị Cisco, Fortigate..- Tối thiểu 2 năm kinh nghiệm trở lên làm viêc ở vị trí tương đương- Ưu tiên: Có chứng chỉ CCNA, CCNP."
Java Backend Developer,"Yêu cầu ứng viên từ 1 năm kinh nghiệm: 1 ngườiThành thạo Java, lập trình hướng đối tượngCó kinh nghiệm làm việc với Spring FrameworkCó kinh nghiệm Spring boot, MySql, Postgresql,NoSQL...Có kỹ năng làm việc nhóm, sẵn sàng hỗ trợ các thành viên trong team Yêu cầu ứng viên từ 3 năm kinh nghiệm: 1 ngườiThành thạo Java, lập trình hướng đối tượngThành thạo Spring Framework, Spring BootThành thạo CSDL MySQL hoặc Postgresql, NoSQL,Redis,MongoDB...Có kinh nghiệm làm việc với message queue, ví dụ Kafka, ActiveMQ, RabbitMQCó kinh nghiệm Docker, AWS, CI/CDCó kinh nghiệm xây dựng hệ thống Microservices sử dụng SpringCó kinh nghiệm xây dựng hệ thống lớn đáp ứng được nhiều người dùngCó kinh nghiệm về xử lý tối ưu xử lý dữ liệu, dữ liệu lớnCó kinh nghiệm về phát triển search engine hoặc đã từng sử dụng Solr, ElasticSearch,Có kỹ năng làm việc nhóm, sẵn sàng hỗ trợ các thành viên trong teamƯu tiên những bạn có kinh nghiệm leader và đã từng tham gia xây dựng những hệ thống lớn theo cấu trúc Microservices, hệ thống sàn thương mại điện tử."
Front-End Developer (Html/Css/ JavaScript ),"Có ít nhất 2 năm kinh nghiệm với HTML, CSS, JSCó kinh nghiệm cắt giao diện từ tool design (Figma)Có kinh nghiệm làm việc với SCSS, LESS, SASS.Có kinh nghiệm Javascript, JqueryCó kinh nghiệm tùy biến giao diện trên nhiều nền tảng trình duyệt web khác nhau (responsive)Có kinh nghiệm lập trình Laravel là lợi thếBiết kỹ năng sử dụng Git"
Nhân Viên Kỹ Thuật - Lắp Đặt Camera An Ninh,"- Ứng viên có kinh nghiệm lắp đặt camera an ninh;- Ứng viên tốt nghiệp Trung cấp nghề trở lên từ các chuyên ngành liên quan như Cơ khí/Kĩ thuật ứng dụng/Điện/Điện tử/Điện lạnh/Công nghệ thông tin...;- Sử dụng tốt tin học cơ bản, thành thạo quản trị mạng là một ưu tiên;- Giao tiếp tốt, chăm chỉ, chịu khó và ham học hỏi..."
Nhân Viên IT - Helpdesk,"Tốt nghiệp Đại học chuyên ngành Công nghệ thông tinTối thiểu 01 năm ở vị trí tương đươngTrách nhiệm cao trong công việcTrung thực, chăm chỉ"
Junior - Middle IT Comtor (Japanese N2),"Từ 2 năm kinh nghiệm ở vị trí ComtorTiếng Nhật trình độ tương đương N2 trở lên.Có khả năng truyền đạt và xử lý vấn đề tốt.Có khả năng học hỏi và lĩnh hội kiến thức mới tốt, cẩn thận, chu đáo.Ưu tiên có kiến thức về IT.Ưu tiên có kinh nghiệm về testing."
Kỹ Sư Cầu Nối Tiếng Nhật (Japanese BrSE),"(1) Bằng cấp, kinh nghiệm:Tốt nghiệp Đại học chuyên ngành CNTT hoặc có liên quan.Tiếng Nhật: giao tiếp tốt, thành thạo cả kỹ năng nghe nói đọc viết (từ N2 trở lên).Có kinh nghiệm làm việc ít nhất 1 năm ở vị trí BrSE.Có tối thiểu 2 năm kinh nghiệm coding trở lên, ưu tiên có kinh nghiệm sử dụng một trong các ngôn ngữ lập trình:  PHP, Java, JavaScript...Có khả năng nghiên cứu và nắm bắt được kiến thức về hệ thống cũng như các điểm quan trọng về kỹ thuật/công nghệ.(2) Kỹ năng mềm:Có tư duy tốt, linh hoạt và khả năng phản biện.Có khả năng làm việc tự chủ và kỹ năng làm việc theo nhóm.Khả năng dẫn dắt, truyền cảm hứng cho đội nhóm.Cởi mở, lắng nghe và sẵn sàng tiếp thu/tiếp nhận những cái mới.Mục tiêu, định hướng công việc rõ ràng.(3) Ưu tiên:Có kinh nghiệm phân tích, làm SRS/URD và làm tài liệu thiết kế basic design, detailed design.Có kinh nghiệm làm việc theo mô hình Agile/Scrum."
Chuyên Viên Đảm Bảo Chất Lượng Quy Trình (PQA),"Tốt nghiệp chuyên ngành công nghệ thông tin hoặc các chuyên ngành có liên quan.Có kinh nghiệm tối thiểu 3 năm ở làm trong các công ty IT Outsourcing.Có kiến ​​thức về quản lý dự án, quy trình phát triển phần mềm và phương pháp phát triển phần mềm như Agile/Scrum, Kanban, Waterfall.Có kiến ​​thức về ISO 27001, ISO 9001 và có khả năng áp dụng vào công việc.Tư duy logic và chú ý đến chi tiết.Có khả năng thu thập và phân tích dữ liệu.Có khả quản lý thời gian, lập kế hoạch, soạn thảo tài liệu.Có khả năng giao tiếp và làm việc nhóm.Chủ động tìm kiếm cơ hội học tập ngoài yêu cầu hiện tại.Có tư duy tốt, linh hoạt và khả năng phản biện.Chủ động học hỏi, cam kết hoàn thành công việc.Có mục tiêu, định hướng rõ ràng.Có tiếng Anh hoặc tiếng Nhật là một lợi thế."
Business Analyst - Fintech,"Giới tính: Nam/NữTốt nghiệp chuyên ngành công nghệ thông tin hoặc các lĩnh vực kỹ thuật.Có kiến thức tốt về IT hiểu được thiết kế kỹ thuật và các thông số kỹ thuật, hệ thống ứng dụng phần mềm, các ngôn ngữ lập trình.Hiểu quy trình quản lý kinh doanh, hiểu các yêu cầu kinh doanh của khách hàng và dịch vụ.Có kinh nghiệm làm tham gia phân tích, thiết kế xây dựng tài liệu cho các dự án ít nhất 2 năm ở vị trí tương đươngKhả năng giao tiếp hiệu quả với nhóm nội bộ và khách hàng bên ngoài để cung cấp các yêu cầu chức năng.Tiếng Anh giao tiếp tốt là lợi thếƯu tiên ứng viên có kinh nghiệm làm dự án về lĩnh vực tài chính ngân hàng, bảo hiểm"
Senior Business Analyst - Cyber Security,"Tốt nghiệp Đại học, chuyên ngành CNTT hoặc tương đương hoặc tương đương.Có tối thiểu 3 năm kinh nghiệm trong lĩnh vực BA hoặc phát triển phần mềm. Có kiến thức, am hiểu về phát triển phần mềm.Thành thạo kỹ năng phân tích thiết kế phần mềm, thiết kế hệ thống thông tin.Có kỹ năng làm việc nhóm, giải quyết vấn đề, giao tiếp và thuyết trình tốt.Ưu tiên ứng viên:Có chứng chỉ trong lĩnh vực phát triển phần mềm hoặc chứng chỉ về An toàn thông tin.Có kinh nghiệm nghiên cứu, phát triển phần mềm trong lĩnh vực ATTT.Có trình độ tiếng Anh tương đương TOIEC 650 trở lên."
Nhân Viên Tổ Chức Sự Kiện - Event Planner,"– Kinh nghiệm ít nhất 02 năm ở vị trí trong ngành Truyền thông, PR, Chạy sự kiện– Trình độ học vấn, chuyên ngành: Tốt nghiệp Đại học, Cao Đẳng trở lên các ngành Quản trị nhân lực, Luật, Tài chính, Ngân hàng, Ngoại thương, Thương mại, Quản trị kinh doanh, Ngoại ngữ...– Kỹ năng truyền tải thông tin: Biết cách truyền đạt vấn đề rõ ràng, ngắn gọn và hiệu quả;– Kỹ năng tin học: Sử dụng thành thạo tin học văn phòng;– Kỹ năng làm việc nhóm: Trao đổi, làm việc nội bộ một cách hòa đồng, giữ quan hệ tốt với mọi người.– Tiếng Anh tốtYêu cầu khác:– Tư duy sâu rộng, nhận thưc vấn đề nhanh;– Khả năng lập kế hoạch tổ chức công việc hiệu quả;– Phát huy được sức mạnh tập thể khi làm việc nhóm;-Tạo dựng được mối quan hệ tốt đẹp với mọi người."
IT Support - Từ 1 Năm Kinh Nghiệm,"- Yêu cầu độ tuổi: 22-35 - Yêu cầu bằng cấp CĐ trở lên -   Có kinh nghiệm quản lý hệ thống server và các ứng dụng website, database -   Am hiểu về kiến trúc mạng máy tính, TCP/IP,  Networking -   Có kiến thức về Web Server, Virtualization -   Có kinh nghiệm về các hệ thống giám sát Cacti, Nagios, Zabix, Snmp- Ưu tiên gắn bó lâu dài"
Quản Trị Hệ Thống (Linux System Administrator),"Có tối thiểu 1 năm kinh nghiệm trở lên trong quản trị hệ thống Linux (Debian,Ubuntu).Có kinh nghiệm và triển khai các dịch vụ trên  AWS  (VPC, EC2, S3, CloudFront...).Có hiểu biết về các phương pháp Load Balancing và cấu hình, vận hành Firewall.Có hiểu biết các công cụ quản lý cấu hình như Ansible, Terraform (ưu tiên).Kinh nghiệm với các công cụ giám sát hệ thống như Nagios, Zabbix hoặc Prometheus.Có kinh nghiệm quản trị và vận hành quy trình CI/CD với Git , Jenkins ...Hiểu biết về các nguyên tắc mạng (DNS, DHCP, TCP/IP).Xây dựng, triển khai, vận hành hệ thống mạng Văn phòng với Fortinet , Cisco , Aruba ...Có hiểu biết và vận hành hệ thống chấm công , Camera."
Sale B2B,"Tốt nghiệp đại học chuyên ngành Kinh tế, Quản trị kinh doanh, Tiếng Anh, hoặc các ngành liên quan.Trên 2 năm kinh nghiệm trong lĩnh vực bán hàng B2B, ưu tiên kinh nghiệm trong ngành giáo dục hoặc công nghệ giáo dục.Kỹ năng giao tiếp, thuyết trình và đàm phán xuất sắc.Có khả năng làm việc độc lập và làm việc nhóm.Thành thạo tiếng AnhHiểu biết về thị trường giáo dục, đặc biệt là IELTS."
Nhân Viên Lập Trình Back-End,"Tốt nghiệp ĐH/CĐ chuyên ngành CNTT hoặc các chuyên ngành liên quan.2 năm kinh nghiệm, trong đó tối thiểu 1 năm gần đây lập trình trên nền tảng .NET Framework ASP.NET, Web Api, Web MVC.Thành thạo các kiến thức về .NET Framework hoặc .NET Core (C#, ASP.NET, MVC, ...)Có kinh nghiệm xây dựng các hệ thống sử dụng .NET là một lợi thế.Có kinh nghiệm với một trong các database SQL Server, MySQL, PostgreSQL.Có kiến thức về OOP, Design Pattern, nguyên lý SOLID, SOA/Micro Service.Ưu tiên ứng viên thích làm product, tư duy làm sản phẩm cao, sản phẩm hướng người dùng cuối.Chủ động trong công việc, khả năng làm việc nhóm tốt."
Business Analyst,"Tối thiểu 2 năm kinh nghiệm và kỹ năng với những dự án phần mềmCó kiến thức, am hiểu về Phát triển phần mềm.Có làm kết nối API Hiểu biết automation test, performance test, hiểu biết về các sản phẩm công nghệ trong lĩnh vực y tế, sản phẩm EMR là lợi thếKỹ năng phân tích vấn đềKhả năng học hỏi, tiếp cận nhanh và tư duy logicKhả năng làm việc nhóm và làm việc độc lậpKhả năng giao tiếpKhả năng thuyết phục"
Nhân Viên Market Research (Mobile App),"Ít nhất 2 năm kinh nghiệm làm nghiên cứu thị trườngCó kiến thức về các phương pháp thống kê và kinh nghiệm sử dụng các công cụ thống kêTỉ mỉ, chi tiết, thích làm việc với các con sốCó tư duy phân tích và tư duy phản biện tốtCó khả năng làm việc nhóm tốt"
Blockchain Technical Lead (Solidity/Nodejs),"Your Skills And Experience:Must have:At least 5 years of experience in backend development. The candidate should have worked with one or more server-side programming languages, like Javascript/Node.js, Rust, Golang, etc.At least 2 years of experience in this specific aspect of blockchain technology is desired: The candidate specifically needs to demonstrate a robust understanding and practical experience with the Ethereum Virtual Machine (EVM) ecosystem. This also includes knowledge in implementing security measures within the EVM environment.Strong experience with SQL and NoSQL databases.Experience in system architecture: as the position not only requires programming skills but also the ability to design and manage the entire system and architecture of the project.Strong problem-solving skills and the ability to tackle complex technical issues.Experience with project management and leading a team.Familiarity with working in an Agile environment and experience working with Scrum or other flexible development methods.Nice to have:Having knowledge of one architecture model: microservices, event-driven.Experienced in developing distributed systems on top of microservices architecture, event-driven architecture using NodeJs, Kafka, RabbitMQ, etc. is highly welcome.Experience in cloud-based application development (AWS, GCP, Azure )."
Nhân Viên Digital Marketing,"Ứng viên biết thiết kế là một lợi thếKỹ năng tối ưu hóa công cụ tìm kiếm: Kỹ năng content, SEO, ...Am hiểu về SEO, Content, Google AdWords, ...Sáng tạo, linh hoạt, kỹ năng giao tiếp tốt.Kỹ năng làm việc độc lập, làm việc nhóm tốt.Có tư duy chiến lược, tư duy phân tích.Kinh nghiệm: Ít nhất 02 năm ở vị trí tương đương. Ưu tiên ứng viên có kinh nghiệm trong lĩnh vực F&B."
DevOps Engineer,"Senior: - 4+ years of experience in a DevOps engineering role- Proven track record of designing and managing complex AWS architectures. Strong understanding of core AWS services (EC2, S3, VPC, RDS, EKS/ECS, IAM, etc.).- Expertise in setting up and managing CI/CD tools like Jenkins, CodePipeline, GitLab CI/CD, or similar.- Proficiency in at least one of the following: Golang, Java, Python.- Deep knowledge of Kubernetes concepts and hands-on experience.- Experience in working with high-scale, high-traffic systems.- Experience working in Agile environments and collaborating closely with development teams.- Domain knowledge in retail, eCommerce, or fintech is an advantagePrincipal:- 7+ years of experience in a DevOps engineering role, with at least 2 years in a leadership capacity.- Ability to design and implement cloud infrastructure that meets current needs and strategically adapts to future growth.- Proven track record of designing and managing complex AWS architectures. Strong understanding of core AWS services (EC2, S3, VPC, RDS, EKS/ECS, IAM, etc.).- Expertise in setting up and managing CI/CD tools like Jenkins, CodePipeline, GitLab CI/CD, or similar.- Proficiency in at least one of the following: Golang, Java, Python.- Deep knowledge of Kubernetes concepts and hands-on experience.- Experience in working with high-scale, high-traffic systems.- Experience working in Agile environments and collaborating closely with development teams.- Domain knowledge in retail, eCommerce, or fintech is an advantage.- Contributions to open-source initiatives, speaking engagements, or published content is highly desired."
Nhân Viên Content SEO Website / Fanpage,"-         Nữ, từ 22 - 30 Tuổi-        Tốt nghiệp cao đẳng, đại học-        Yêu tiên ứng viên có kinh nghiệm, có kiến thức cơ bản về SEO onpage - offpage, biết chỉnh sửa ảnh, video-        Có khả năng nghiên cứu chủ đề, từ khoá, sử dụng các công cụ phân tích, sử dụng photoshop là một lợi thế.-        Chăm chỉ, cần cù, chịu khó, ham học hỏi, có khả năng chịu áp lực công việc cao."
IT Support,"- Ưu tiên các bạn sinh viên đang học tại các trường đại học, cao đẳng khu vực TP Thủ Đức (Q2, Q9, Q.Thủ Đức, Làng ĐH). - Có tư duy logic tốt - Có kiến thức về Windows Desktop, MS Office, Outlook hoặc kinh nghiệm hỗ trợ IT. - Có khả năng đọc hiểu các tài liệu tiếng Anh - Kỹ năng giao tiếp, giải quyết vấn đề, phân tích và đánh giá tốt - Thời gian làm việc: 5 ca/tuần (17h00 – 21h00)"
Chuyên Viên Google Ads,"Tốt nghiệp chuyên ngành Công nghệ thông tin, Thương mại điện tử, Mạng máy tính, Hệ thống thông tin, Marketing,...Có kinh nghiệm là một lợi thếCẩn thận và có trách nhiệm với công việcCó tinh thần hỗ trợ đồng độiChấp nhận sinh viên mới ra trường."
Chuyên Viên Backend Developer BE (Java),"Tốt nghiệp chuyên ngành CNTT hoặc tương đương hoặc tự học và đã tham gia phát triển phần mềmÍt nhất 01 năm kinh nghiệm phát triển dự án Ứng dụng Java đối với junior.Nắm chắc về Java Core, Spring framework;Hiểu biết Socket, Web Service, RESTful API, Microservices;Thành thạo CSDL quan hệ và có hiểu biết NoSQL; Kỹ năng giao tiếp và làm việc nhóm tốt."
Mobile Developer (Fresher Flutter),"Độ tuổi: 22-25 tuổiCó ít nhất 1 năm kinh nghiệm về lập trình Mobile.Tốt nghiệp ngành CNTT, điện tử viễn thông, hoặc các chuyên ngành tươngVề kiến thức:Kinh nghiệm đã chứng minh trong phát triển di động với Flutter, bao gồm kinh nghiệm phát hành ứng dụng Flutter lên Apple App Store và Google Play Store.Hiểu rõ ngôn ngữ lập trình Dart và khung ứng dụng phản ứng của Flutter.Quen thuộc với các kênh nền tảng để tích hợp mã gốc (Android/IOS) khi cần thiếtKinh nghiệm làm việc với API RESTful và tích hợp bên thứ ba (Có kinh nghiệm với các API bản đồ, định vị địa lý, dữ liệu thời tiết là 1 ưu tiên)Kiến thức về FirebaseCó hiểu biết về CI/CD.Kỹ năng/Khả năng:Có kỹ năng làm việc nhóm.Có khả năng đóng góp, xây dựng cải thiện UI/UX.Khả năng phân tích, tư duy logic, sáng tạoKhả năng quản lý thời gian hiệu quảKhả năng quản lý cảm xúcCó khả năng tìm hiểu các công nghệ mớiKỹ năng giao tiếp xuất sắc và khả năng làm việc trong môi trường hợp tác, nhjp độ nhanhThái độ:Thái độ trung thực, khiêm tốn, trách nhiệm trong công việc.Tư duy tích cựcTư duy sáng tạo, đổi mới, luôn tìm tòi các ý tưởng mới, cách làm mới trong vấn đề cũQuyết liệt, thiện chiến, bám đuổi mục tiêuYêu cầu khác: Sẵn sàng học hỏi công nghệ mới trong phát triển ứng dụng mobile"
Golang Developer,"You haveFrom 3 years or more of experience in backend developer (golang)Understand the entire backend development process (design, development and implementation)Understanding accessibility and security complianceExperience with user authentication and authorization between multiple systems, servers, and environmentsBasic understanding of database systems: PostgreSQL, RedisHands on creating database schemas that represent and support business processesImplementing automated testing platforms and unit testsProficient knowledge of a backend programming language (GoLang)Basic English communication skills. Good English reading skill.Plus pointsExperienced with Agile software developmentExperienced with Docker, AWS Lambda, AWS EventBridgeExperienced with building e-commerce storesExperienced with integrating e-commerce platform APIs (Shopify, Haravan, Shopee, Lazada...)Being able to work fullstack (NodeJS, ReactJS, NextJS)"
Mobile Developer - React Native,"Ít nhất 3 năm kinh nghiệm lập trình React Native.Kinh nghiệm lập trình React Native: Cần ít nhất 3 năm kinh nghiệm lập trình với React Native.Hiểu biết về quản lý và tối ưu hóa hiệu suất cho ứng dụng React Native: Cần kỹ năng và kinh nghiệm trong việc tối ưu hóa hiệu suất của các ứng dụng React Native.Sử dụng thành thạo và hiểu sâu về React Hooks: Cần kinh nghiệm sử dụng và hiểu sâu về React Hooks.Sử dụng thành thạo Redux: Cần kinh nghiệm sử dụng Redux để quản lý trạng thái ứng dụng.Kinh nghiệm xử lý animation bằng Reanimated: Cần kinh nghiệm làm việc với thư viện Reanimated để tạo các animation trong ứng dụng React Native.Kiến thức vững về ngôn ngữ JavaScript/TypeScript: Cần hiểu biết sâu về ngôn ngữ lập trình JavaScript hoặc TypeScript.Kinh nghiệm tích hợp Native Module cho iOS và Android: Cần kinh nghiệm làm việc với Native Module trong React Native để tích hợp các tính năng gốc từ iOS và Android.Khả năng hiểu và viết mã cho các ứng dụng di động bằng các ngôn ngữ lập trình phù hợp như Java/Kotlin (Android), Swift/Objective-C (iOS): Cần kinh nghiệm lập trình với một hoặc nhiều ngôn ngữ này."
Web Developer,"Required skills/Experience:Must Have: Experience in developing with JavaScript, HTML/HTML5 and CSSExperience in web frontend development with one of web frontend framework like React JS/AngularExperience in backend development with one of web backend framework like NodeJS/Express or Spring BootExperienced with SqlServer, PostgreSQL, MongoDBExperience with RESTful services and API’sStrong knowledge in OOP, OOP design patterns, the S.O.L.I.D principles and other coding best practices.Strong problem-solving and analytical skills.Ability to write clean, readable codeBe able to read and write in English.Nice to have: Experience in unit test and test-driven development.Experience in Gitlab, CI/CD and other software development practices.Experience in web frontend development with ReactJS is a plusKnowledge of Mobile App with React Native is a big plus."
C/C++ Linux Developer,"Requirements:Good at C/C++ on Linux (pointer, multi-thread, multi process, sockets..)Good at VoIP core network ( PCSCF, ICSCF, SCSCF, TAS, MG, MGC,...)Able to learn and work independently and within a team expectedFamiliar with Linux environmentGood analytical and problem-solving capabilitiesIntermediate English skillsNice to have: Experience in Firmware development and experience in developing real-time OS (RTOS, embedded Linux, etc.)"
Backend Developer,"Job Requirement:Must have: Strong in Java frameworks such as Spring Core, Spring Boot or NodeJS/ExpressBasic Understanding of the concepts of MVC (Model-ViewController) Pattern, JDBC (Java Database Connectivity)Good DB skill (SQL, NoSQL)Experienced with SqlServer, PostgreSQL, MongoDBExperienced with Restful API (Open API/Swagger)Have solid understanding of OOP principlesFamiliar with Design PatternsHave experiences in programming socket, WebSocket, socket.ioHave experiences in payment programmingAbility to write clean, readable codeNice to have If you have more than five years of experiences in Java/Javascript and managing team size of 5 – 10 members, you would have the opportunity to become a Sup Leader.Have experiences in client-side frameworks such as ReactJS, Angular, Flux/Redux,..Know Microservice, Message Queue, CQRS patternKnow Docker, AWS/OCP, CI/CD,...In-depth knowledge of code versioning tools, for instance, Git"
IOS Developer,"Requirements:Good at Object Oriented ProgrammingGood at iOS, Swift, Objective C, XCodeKnowledge of programming skills in C/C++JSON, XMLSQLite, Core DataGood teamworkWould be a plus:Know how to work with WebrtcKnow/work with Firebase/Push Notification"
DevOps Enginner,"Bằng cử nhân Kỹ thuật Máy tính, Công nghệ Thông tin, hoặc lĩnh vực liên quan.Hiểu biết sâu về hệ điều hành dựa trên Linux/Unix.Kinh nghiệm với các ngôn ngữ scripting nâng cao như Bash và Python.Kinh nghiệm với các công cụ quản lí cấu hình như Ansible, PuppetKinh nghiệm thực tiễn với container và điều phối sử dụng Docker và Kubernetes.Kinh nghiệm với các công cụ tích hợp và triển khai liên tục như Jenkins, GitLab CI/CD, CircleCI, và Argo CD (ít nhất một công cụ).Kiến thức về các công cụ giám sát và ghi nhật ký như Nagios, Prometheus, Grafana, và ELK stack.Kiến thức về bảo mật và công cụ bảo mậtKỹ năng giao tiếp, làm việc nhóm, và giải quyết vấn đề tốt."
Internal Communication Executive,"You have...University/Bachelor’s degree, prefer major in Marketing, Human Resources, CommunicationAt least 2+ years of experience in internal communication rolesGood English Communication skill and writing skill Excellent writing, editing and proofreading skillsExcellent communication, event organizing, time managementStrong presentation and voiceover skillsCreative, result-oriented, user-focusedFast-learner, hardworking, open for challengesTalented in MC, singing, dancing, handmade,..."
UI UX Designer,"Requirements:Mush have:Bachelor’s degree in Graphic Design, Interaction design (UX/UI) or related fieldAt least 1year of experience in UX/UI design, preferably in a software outsourcing environment.Experience in web app designProficiency in design tools such as Sketch, Figma, Adobe XD, photoshop or similar.Strong understanding of design principle, usability principles, and design thinking methodologies.Nice to have:Proficiency in English speaking is a plus"
VueJS Developer - Từ 5 Năm Kinh Nghiệm,"Kinh nghiệm 5 năm trở lên với ReactJS, VueJSNắm vững kiến thức về Javascript (ES6).  Thành thạo HTML/CSSCó kinh nghiệm làm việc TypeScript là lợi thếCó kinh nghiệm sử dụng Webpack, GulpCó kinh nghiệm làm việc với Redux, Context API, Hooks, NuxtjsBiết cách thao tác và xử lý với APICó kinh nghiệm xử lý signalR, reatime, plotly, chart, svg...Thành thạo tối ưu hoá app performance FE"
Fullstack Developer,"Có 3 năm kinh nghiệm phát triển Web và App; Thành thạo các ngôn ngữ phát triển: ReactJS, VueJS, Python, NodeJS,  PHP laravel, React Native; Thành thạo trong sử dụng và thiết kế cơ sở dữ liệu với MySQL; Có khả năng deploy hệ thống lên docker và cloud server."
Frontend Developer,"Có từ 3 năm kinh nghiệm với vị trí tương đương;Có kinh nghiệm làm việc với ReactJS, VueJS, NextJS v.v...Sử dụng thành thạo ES5, ES6.Sử dụng thành thạo API reactJS, nắm được các API của bản mới cập nhật.Có nền tảng vững chắc về HTML,CSS, Javascript.Hiểu life cycle, cơ chế render cập nhật data trong ứng dụng reactJS và tối ưu hóa được performance của ứng dụng.Nắm vững về pattern redux (các thành phần giao tiếp, flow data...).Thành thạo Git.Có kinh nghiệm Unit testing trong ứng dụng react dùng Jest, enzyme, mocha, chai...là lợi thế.Có kiến thức về UI/UX là lợi thế.Có hiểu biết, kỹ năng thiết kế, vận hành hệ thống, server, bảo mật là một lợi thế.Đam mê với lập trình, không ngại học hỏi những kiến thức mới. Có khả năng làm việc nhóm lẫn làm việc độc lập, đảm bảo thực hiện các công việc được giao đúng thời hạn và chất lượng."
Scrum Master,"More than 2 years of experience as a SMExcellent written and verbal communication skills in EnglishStrong organizational, analytical and problem-solving, presentation skillsGood human relations skills, ability to collaborate effectively across departments and teamsHave IT knowledge and software development experienceKnowing the Scrum framework, rules, and practices is a plusScrum Master certifications such as PSM and CSM are a plus."
Technical Support L1,Graduated from College or University majoring in Information Technology.Intern in IT system administration for any company.Have basic networking knowledge.Proficient in using Windows and Linux systems.Basic understanding of Microsoft 365 services.Have Microsoft Certifications is an advantage.Able to work under high pressure.Capable of multi-tasking at the same time.Able to read and understand specialized English and respond via email.Reasoning the problem convincingly (logically).
Nhân Viên Editor Youtube (Được Đào Tạo),"Tốt nghiệp cao đẳng hoặc đại học.Ưu tiên các bạn đã có kinh nghiệm quản lý kênh, xây dựng nội dung trên Youtube. Không có kinh nghiệm sẽ được đào tạo từ đầu.Độ tuổi từ 2k2 – 1997 (chấp nhận các bạn sinh viên đang chờ bằng, có thể đi làm được full-time).Thao tác máy tính, kỹ năng nhanh, am hiểu mạng xã hội.Ý thức làm việc nghiêm túc, sẵn sàng tiếp thu và chia sẻ kiến thức. Cầu tiến cá nhân và đồng đội."
Thực Tập Kỹ Sư Lập Trình Embedded/IoT,"Có kinh nghiệm lập trình ngôn ngữ C/C++/C#, Python tối thiểu 06 tháng và khả năng học hỏi nhanhTốt nghiệp đại học các chuyên ngành Điện - Điện tử, Cơ – Điện tử, CNTT, Kỹ thuật máy tính với tư duy lập trình tốtCó kinh nghiệm lập trình với ít nhất một loại thuộc MCU, SoC hay SoM như: Rasp Pi, ESP32, Jetson Nano, Zynq, ...Có khả năng hàn, lắp mạch điện tửƯu tiên ứng viên biết tiếng NhậtLợi thế: Có hiểu biết về Embedded Linux, Android, ESP-IDF, ...Có khả năng sử dụng tiếng Anh trong công việcCó tinh thần làm việc nhóm, năng động, có khả năng làm việc dưới áp lực caoBiết sử dụng Altium trong thiết kế mạch điện tử"
Nhân Viên Kỹ Thuật Triển Khai Và Bảo Trì,"Nam, có sức khỏe tốt, tuổi từ 20-30.Tốt nghiệp Trung cấp hoặc Cao đẳng chuyên ngành Điện tử Viễn thông, Công nghệ Kỹ thuật Viễn thông, điện dân dụng hoặc điện công nghiệp.Điện công nghiệp, Điện tử Công nghiệp, Hệ thống điện, Công nghệ thông tin, Mạng máy tính.Ứng viên tốt nghiệp các chuyên ngành khác như: Điện lạnh, cơ khí, Hàn, Tiện, Kỹ thuật ô tô, Cơ điện tử, Công nghệ nhiệt luyện... sẽ được xem xét mời phỏng vấn. Nếu ứng viên đạt yêu cầu tuyển dụng sẽ được tham gia khóa đào tạo chuyên môn trước khi tiếp nhận công việc.Ưu tiên ứng viên có kinh nghiệm sửa chữa, lắp đặt hạ tầng viễn thông, Internet, điện lực, truyền hình cáp..."
Kỹ Thuật Viên Máy Tính Mạng Văn Phòng,"- Tốt nghiệp Đại học/Cao đẳng về chuyên ngành công nghệ thông tin, kỹ thuật máy tính hoặc lĩnh vực liên quan. - Sử dụng thành thạo máy tính và các thao tác cài đặt các ứng dụng, chương trình, phần mềm, phần cứng mạng máy tính. - Ưu tiên ứng viên có kinh nghiệm, nhanh nhẹn trong công việc."
Thực Tập Sinh Thiết Kế Website,Biết sử dụng tin học văn phòng cơ bảnLàm việc giờ hành chính Chịu khó học hỏi
